{
  "Dept": 0.25453639030456543,
  "Size": 0.21533377468585968,
  "Type": 0.08241279423236847,
  "Store": 0.07781575620174408,
  "MarkDown3": 0.06948807090520859,
  "IsPreChristmas": 0.058529019355773926,
  "Month": 0.04776622727513313,
  "Week": 0.047416385263204575,
  "CPI": 0.04240694269537926,
  "IsHoliday": 0.03460734337568283,
  "Year": 0.017433779314160347,
  "Unemployment": 0.015929482877254486,
  "Temperature": 0.01071394607424736,
  "MarkDown4": 0.007578037679195404,
  "MarkDown5": 0.005155388731509447,
  "MarkDown1": 0.004595851060003042,
  "MarkDown2": 0.004229284822940826,
  "Fuel_Price": 0.004051499534398317
}